"LOAD_ID__C","NAME","FIRSTNAME","LASTNAME","EMAIL"
"0051a000000QopaAAC","Scott Geosits","Scott","Geosits","sjgeosits@herffjones.com"
"0051a000000mjXpAAI","Allison Wheeler","Allison","Wheeler","awheeler.awtraining@example.com"
"0051a000000mjXqAAI","Conner McCoy","Conner","McCoy","cmccoy.awtraining@example.com"
"0051a000000mjXrAAI","Karl Weber","Karl","Weber","kweber.awtraining@example.com"
"0051a000000mjXsAAI","Fumiko Suzuki","Fumiko","Suzuki","fsuzuki.awtraining@example.com"
"0051a000000mjXtAAI","Desmond Castillo","Desmond","Castillo","dcast.awtraining@example.com"
"0051a000000mjXuAAI","Kathy Cooper","Kathy","Cooper","kcooper.awtraining@example.com"
"0051a000000mjXwAAI","John Wiseman","John","Wiseman","jwiseman.awtraining@example.com"
"0051a000000mjXxAAI","Brent Bassi","Brent","Bassi","bbassi.awtraining@example.com"
"0051a000000mjXyAAI","Alan Wong","Alan","Wong","awong.awtraining@example.com"
"0051a000000mjXzAAI","Janet Young","Janet","Young","jyoung.awtraining@example.com"
"0051a000000mjY0AAI","Karen Adams","Karen","Adams","kadams.awtraining@example.com"
"0051a000000mjY1AAI","Marcela Lopez","Marcela","Lopez","mlopez.awtraining@example.com"
"0051a000000mjY2AAI","Ling Wu","Ling","Wu","lwu.awtraining@example.com"
"0051a000000mjY3AAI","Jacob Lerner","Jacob","Lerner","jlerner.awtraining@example.com"
"0051a000000mjY4AAI","Jessica Heinz","Jessica","Heinz","jheinz.awtraining@example.com"
"0051a000000mjY5AAI","Diego Cruz","Diego","Cruz","dcruz.awtraining@example.com"
"0051a000000mjY6AAI","Yuko Ishikawa","Yuko","Ishikawa","yishikawa.awtraining@example.com"
"0051a000000mjY7AAI","Christian Fournier","Christian","Fournier","cfournier.awtraining@example.com"
"0051a000000mjY8AAI","Samir Patel","Samir","Patel","spatel.awtraining@example.com"
"0051a000000mjY9AAI","Roberta Spada","Roberta","Spada","rspada.awtraining@example.com"
"0051a000000mjYAAAY","Lars Ross","Lars","Ross","lross.awtraining@example.com"
"0051a000000mjYBAAY","Nina Gupta","Nina","Gupta","ngupta.awtraining@example.com"
"0051a000000mjYCAAY","Maya Lorrette","Maya","Lorrette","mlorrette.awtraining@example.com"
"0051a000000mjYDAAY","Ted Kim","Ted","Kim","tkim.awtraining@example.com"
"0051a000000mjYEAAY","Matt Wilson","Matt","Wilson","mwilson.awtraining@example.com"
"0051a000000mjYFAAY","Phil Smith","Phil","Smith","psmith.awtraining@example.com"
"0051a000000mjYGAAY","Anna Bressan","Anna","Bressan","abressan.awtraining@example.com"
"0051a000000mjYHAAY","Frank Roberts","Frank","Roberts","froberts.awtraining@example.com"
"0051a000000mjYIAAY","David Hudson","David","Hudson","dhudson.awtraining@example.com"
"0051a000000mjYJAAY","Anjana Shah","Anjana","Shah","ashah.awtraining@example.com"
"0051a000000mjYKAAY","Lucia Vargas","Lucia","Vargas","lvargas.awtraining@example.com"
"0051a000000mjYLAAY","Javier Reyes","Javier","Reyes","jreyes.awtraining@example.com"
"0051a000000mjYMAAY","Courtney Brown","Courtney","Brown","cbrown.awtraining@example.com"
"0051a000000mjYNAAY","Tony Jenkins","Tony","Jenkins","tjenkins.awtraining@example.com"
"0051a000000mjYOAAY","Maria Bolzani","Maria","Bolzani","mbolzani.awtraining@example.com"
"0051a000000mjYPAAY","Susan Lee","Susan","Lee","slee.awtraining@example.com"
"0051a000000mjYQAAY","Amy Daniels","Amy","Daniels","adaniels.awtraining@example.com"
"0051a000000mjYRAAY","Kevin Bailey","Kevin","Bailey","kbailey.awtraining@example.com"
"0051a000000mjYSAAY","Lorenzo Costa","Lorenzo","Costa","lcosta.awtraining@example.com"
"0051a000000mjYTAAY","Mimi Sato","Mimi","Sato","msato.awtraining@example.com"
"0051a000000mjYUAAY","Tim Howe","Tim","Howe","thowe.awtraining@example.com"
"0051a000000mjYVAAY","Cara Ng","Cara","Ng","cng.awtraining@example.com"
"0051a000000mjYWAAY","Rebecca Sanders","Rebecca","Sanders","rsanders.awtraining@example.com"
"0051a000000mjYXAAY","Paul Enriquez","Paul","Enriquez","penriquez.awtraining@example.com"
"0051a000000mjYYAAY","Lisa Franco","Lisa","Franco","lfranco.awtraining@example.com"
"0051a000000mjYZAAY","Sanjay Chopra","Sanjay","Chopra","schopra.awtraining@example.com"
"0051a000000mjYaAAI","Noah Larkin","Noah","Larkin","nlarkin.awtraining@example.com"
"0051a000000mjYbAAI","Daniel Garcia","Daniel","Garcia","dgarcia.awtraining@example.com"
"0051a000000mjYdAAI","An Lin","An","Lin","alin.awtraining@example.com"
"0051a000000mjYeAAI","Jin Chang","Jin","Chang","jchang.awtraining@example.com"
"0051a000000mjYfAAI","Chatter Expert","","Chatter Expert","noreply@example.com"
