"LOAD_ID__C","EMPLOYEE__C","POSITION__C"
"a021a000000DczvAAC","0051a000000mjXuAAI","a031a0000006iUbAAI"
"a021a000000DczwAAC","0051a000000mjXuAAI","a031a0000006iUdAAI"
"a021a000000DczxAAC","0051a000000mjXuAAI","a031a0000006iUeAAI"
"a021a000000DczyAAC","0051a000000mjXuAAI","a031a0000006iUfAAI"
"a021a000000DczzAAC","0051a000000mjY4AAI","a031a0000006iUgAAI"
"a021a000000Dd00AAC","0051a000000mjY4AAI","a031a0000006iUhAAI"
"a021a000000Dd01AAC","0051a000000mjY4AAI","a031a0000006iUiAAI"
"a021a000000Dd02AAC","0051a000000mjYdAAI","a031a0000006iUjAAI"
"a021a000000Dd03AAC","0051a000000mjYdAAI","a031a0000006iUkAAI"
